{
    "$schema": "https://schema.management.azure.com/schemas/2015-01-01/deploymentParameters.json#",
    "contentVersion": "1.0.0.0",
    "parameters": {
        "functionName": {
            "value": "AliCloud"
        },
        "workspaceID": {
            "value": "8702400d-15bd-4dc5-a6ef-9643d5262a9b"
        },
        "workspaceKey": {
            "value": null
        },
        "aliCloudAccessKeyId": {
            "value": "TestKeyId"
        },
        "aliCloudAccessKey": {
            "value": null
        },
        "aliCloudProjects": {
            "value": "testProject"
        },
        "aliCloudWorkers": {
            "value": "10"
        },
        "endpoint": {
            "value": "cn-hangzhou.log.aliyuncs.com"
        }
    }
}